experiment,config,failed_requests,request_throughput,total_token_throughput,mean_ttft_ms,p50_ttft_ms,p90_ttft_ms,mean_e2el_ms,p50_e2el_ms,p90_e2el_ms
baseline,baseline,0,22.71,17439.69,82.13,63.24,132.68,3945.78,4001.6,4026.48
batched-tokens-4096,batched-tokens-4096,0,24.16,18554.2,84.21,72.39,145.46,3710.3,3784.37,3829.8
batched-tokens-8192,batched-tokens-8192,0,24.15,18543.77,91.76,69.69,194.18,3713.05,3782.81,3827.35
fp8-full,fp8-full,0,28.49,21877.36,61.59,58.06,87.95,2987.17,3070.7,3119.59
kv-cache-fp8,kv-cache-fp8,0,25.34,19460.92,87.0,68.92,175.17,3533.23,3605.57,3627.67
max-seqs-256,max-seqs-256,0,24.48,18802.76,82.3,69.91,147.01,3663.13,3734.63,3764.06
max-seqs-512,max-seqs-512,0,24.24,18613.59,85.62,62.65,177.91,3699.3,3766.39,3810.45
max-seqs-64,max-seqs-64,0,20.5,15745.44,1423.85,1452.53,2004.39,4394.53,4452.35,5001.25
prefix-caching,prefix-caching,0,24.2,18582.18,85.4,70.1,178.29,3705.56,3775.6,3830.85
